{
  "project_info": {
    "project_number": "451367285205",
    "firebase_url": "https://dysonv2-default-rtdb.firebaseio.com",
    "project_id": "dysonv2",
    "storage_bucket": "dysonv2.appspot.com"
  },
  "client": [
    {
      "client_info": {
        "mobilesdk_app_id": "1:451367285205:android:44c32eb599ea3e42088d5c",
        "android_client_info": {
          "package_name": "com.DefaultCompany.Game2DProject"
        }
      },
      "oauth_client": [],
      "api_key": [
        {
          "current_key": "AIzaSyCUJNyKsyMXXMZXoMSLXPhEXXfBX1wAZHQ"
        }
      ],
      "services": {
        "appinvite_service": {
          "other_platform_oauth_client": []
        }
      }
    }
  ],
  "configuration_version": "1"
}